trace,start_frame,n_frames,bound,left_censored,right_censored
pair19,0,138,False,True,False
pair19,138,1,True,False,False
pair19,139,669,False,False,True
pair86,0,292,False,True,False
pair86,292,1,True,False,False
pair86,293,21,False,False,False
pair86,314,2,True,False,False
pair86,316,144,False,False,False
pair86,460,1,True,False,False
pair86,461,175,False,False,False
pair86,636,1,True,False,False
pair86,637,55,False,False,False
pair86,692,1,True,False,False
pair86,693,57,False,False,True
pair87,0,157,False,True,False
pair87,157,2,True,False,False
pair87,159,122,False,False,True
pair94,0,31,False,True,False
pair94,31,1,True,False,False
pair94,32,321,False,False,False
pair94,353,1,True,False,False
pair94,354,113,False,False,False
pair94,467,19,True,False,False
pair94,486,4,False,False,True
pair123,0,193,False,True,False
pair123,193,3,True,False,False
pair123,196,85,False,False,True
