pair,state,FRET,occupancy
19,0,-0.02279367930993956,0.629950495049505
19,1,-0.010225432675392008,0.3688118811881188
19,2,0.20378307269619433,0.0
19,3,0.47829392913765667,0.0012376237623762376
19,4,0.500863078268209,0.0
86,0,-0.011446294175002506,0.6106666666666667
86,1,0.013601994542135764,0.38133333333333336
86,2,0.2024578782135207,0.005333333333333333
86,3,0.49753646084751724,0.0026666666666666666
86,4,0.5008563861397921,0.0
87,0,0.006168283823708101,0.6405693950177936
87,1,-0.01076227825618136,0.35231316725978645
87,2,0.20500089214557496,0.0035587188612099642
87,3,0.4816939926857446,0.0035587188612099642
87,4,0.5008629534911359,0.0
94,0,-0.0059996344885398616,0.563265306122449
94,1,0.007255068982409757,0.39387755102040817
94,2,0.2018032542650744,0.004081632653061225
94,3,0.4724850400114384,0.0020408163265306124
94,4,0.5008787373407138,0.036734693877551024
123,0,-0.016573145369760574,0.4483985765124555
123,1,0.011765264608994647,0.5409252669039146
123,2,0.20533572562323224,0.0035587188612099642
123,3,0.49441668015536283,0.0071174377224199285
123,4,0.500863078551178,0.0
